amfi_code,tracking_error_3yr
148567,0.18786716876053186
120505,0.23251471203241877
120843,0.20641014797016702
100033,0.22483819480215925
120504,0.18731172438825305
